[
  {
    "localName": "Nyårsdag",
    "name": "New Year's Day",
    "code": "SE",
    "fixed": true,
    "global": true,
    "counties": null,
    "launchYear": null,
    "types": ["Public"],
    "startDate": "2024-01-01T00:00:00.000Z",
    "endDate": "2024-01-01T23:59:59.999Z"
  },
  {
    "localName": "Trettondagen",
    "name": "Epiphany",
    "code": "SE",
    "fixed": true,
    "global": true,
    "counties": null,
    "launchYear": null,
    "types": ["Public"],
    "startDate": "2024-01-06T00:00:00.000Z",
    "endDate": "2024-01-06T23:59:59.999Z"
  },
  {
    "localName": "Långfredagen",
    "name": "Good Friday",
    "code": "SE",
    "fixed": false,
    "global": true,
    "counties": null,
    "launchYear": null,
    "types": ["Public"],
    "startDate": "2024-03-29T00:00:00.000Z",
    "endDate": "2024-03-29T23:59:59.999Z"
  },
  {
    "localName": "Påskdagen",
    "name": "Easter Sunday",
    "code": "SE",
    "fixed": false,
    "global": true,
    "counties": null,
    "launchYear": null,
    "types": ["Public"],
    "startDate": "2024-03-31T00:00:00.000Z",
    "endDate": "2024-03-31T23:59:59.999Z"
  },
  {
    "localName": "Annandag påsk",
    "name": "Easter Monday",
    "code": "SE",
    "fixed": false,
    "global": true,
    "counties": null,
    "launchYear": null,
    "types": ["Public"],
    "startDate": "2024-04-01T00:00:00.000Z",
    "endDate": "2024-04-01T23:59:59.999Z"
  },
  {
    "localName": "Första maj",
    "name": "May Day",
    "code": "SE",
    "fixed": true,
    "global": true,
    "counties": null,
    "launchYear": null,
    "types": ["Public"],
    "startDate": "2024-05-01T00:00:00.000Z",
    "endDate": "2024-05-01T23:59:59.999Z"
  },
  {
    "localName": "Kristi himmelsfärdsdag",
    "name": "Ascension Day",
    "code": "SE",
    "fixed": false,
    "global": true,
    "counties": null,
    "launchYear": null,
    "types": ["Public"],
    "startDate": "2024-05-09T00:00:00.000Z",
    "endDate": "2024-05-09T23:59:59.999Z"
  },
  {
    "localName": "Pingstdagen",
    "name": "Whit Sunday",
    "code": "SE",
    "fixed": false,
    "global": true,
    "counties": null,
    "launchYear": null,
    "types": ["Public"],
    "startDate": "2024-05-19T00:00:00.000Z",
    "endDate": "2024-05-19T23:59:59.999Z"
  },
  {
    "localName": "Sveriges nationaldag",
    "name": "National Day",
    "code": "SE",
    "fixed": true,
    "global": true,
    "counties": null,
    "launchYear": 1523,
    "types": ["Public"],
    "startDate": "2024-06-06T00:00:00.000Z",
    "endDate": "2024-06-06T23:59:59.999Z"
  },
  {
    "localName": "Midsommarafton",
    "name": "Midsummer Eve",
    "code": "SE",
    "fixed": false,
    "global": true,
    "counties": null,
    "launchYear": null,
    "types": ["Public"],
    "startDate": "2024-06-21T00:00:00.000Z",
    "endDate": "2024-06-21T23:59:59.999Z"
  },
  {
    "localName": "Midsommardagen",
    "name": "Midsummer Day",
    "code": "SE",
    "fixed": false,
    "global": true,
    "counties": null,
    "launchYear": null,
    "types": ["Public"],
    "startDate": "2024-06-22T00:00:00.000Z",
    "endDate": "2024-06-22T23:59:59.999Z"
  },
  {
    "localName": "Alla helgons dag",
    "name": "All Saints' Day",
    "code": "SE",
    "fixed": false,
    "global": true,
    "counties": null,
    "launchYear": null,
    "types": ["Public"],
    "startDate": "2024-11-02T00:00:00.000Z",
    "endDate": "2024-11-02T23:59:59.999Z"
  },
  {
    "localName": "Juldagen",
    "name": "Christmas Day",
    "code": "SE",
    "fixed": true,
    "global": true,
    "counties": null,
    "launchYear": null,
    "types": ["Public"],
    "startDate": "2024-12-25T00:00:00.000Z",
    "endDate": "2024-12-25T23:59:59.999Z"
  },
  {
    "localName": "Annandag jul",
    "name": "Boxing Day",
    "code": "SE",
    "fixed": true,
    "global": true,
    "counties": null,
    "launchYear": null,
    "types": ["Public"],
    "startDate": "2024-12-26T00:00:00.000Z",
    "endDate": "2024-12-26T23:59:59.999Z"
  }
]
