[
  {
    "localName": "New Year's Day",
    "name": "New Year's Day",
    "code": "NZ",
    "fixed": true,
    "global": true,
    "counties": null,
    "launchYear": null,
    "types": ["Public"],
    "startDate": "2023-01-01T00:00:00.000Z",
    "endDate": "2023-01-01T23:59:59.999Z"
  },
  {
    "localName": "Day after New Year's Day",
    "name": "Day after New Year's Day",
    "code": "NZ",
    "fixed": true,
    "global": true,
    "counties": null,
    "launchYear": null,
    "types": ["Public"],
    "startDate": "2023-01-02T00:00:00.000Z",
    "endDate": "2023-01-02T23:59:59.999Z"
  },
  {
    "localName": "Waitangi Day",
    "name": "Waitangi Day",
    "code": "NZ",
    "fixed": true,
    "global": true,
    "counties": null,
    "launchYear": 1840,
    "types": ["Public"],
    "startDate": "2023-02-06T00:00:00.000Z",
    "endDate": "2023-02-06T23:59:59.999Z"
  },
  {
    "localName": "Good Friday",
    "name": "Good Friday",
    "code": "NZ",
    "fixed": false,
    "global": true,
    "counties": null,
    "launchYear": null,
    "types": ["Public"],
    "startDate": "2023-04-07T00:00:00.000Z",
    "endDate": "2023-04-07T23:59:59.999Z"
  },
  {
    "localName": "Easter Monday",
    "name": "Easter Monday",
    "code": "NZ",
    "fixed": false,
    "global": true,
    "counties": null,
    "launchYear": null,
    "types": ["Public"],
    "startDate": "2023-04-10T00:00:00.000Z",
    "endDate": "2023-04-10T23:59:59.999Z"
  },
  {
    "localName": "Anzac Day",
    "name": "Anzac Day",
    "code": "NZ",
    "fixed": true,
    "global": true,
    "counties": null,
    "launchYear": 1915,
    "types": ["Public"],
    "startDate": "2023-04-25T00:00:00.000Z",
    "endDate": "2023-04-25T23:59:59.999Z"
  },
  {
    "localName": "Queen's Birthday",
    "name": "Queen's Birthday",
    "code": "NZ",
    "fixed": false,
    "global": true,
    "counties": null,
    "launchYear": null,
    "types": ["Public"],
    "startDate": "2023-06-05T00:00:00.000Z",
    "endDate": "2023-06-05T23:59:59.999Z"
  },
  {
    "localName": "Matariki",
    "name": "Matariki",
    "code": "NZ",
    "fixed": false,
    "global": true,
    "counties": null,
    "launchYear": 2022,
    "types": ["Public"],
    "startDate": "2023-07-14T00:00:00.000Z",
    "endDate": "2023-07-14T23:59:59.999Z"
  },
  {
    "localName": "Labour Day",
    "name": "Labour Day",
    "code": "NZ",
    "fixed": false,
    "global": true,
    "counties": null,
    "launchYear": null,
    "types": ["Public"],
    "startDate": "2023-10-23T00:00:00.000Z",
    "endDate": "2023-10-23T23:59:59.999Z"
  },
  {
    "localName": "Christmas Day",
    "name": "Christmas Day",
    "code": "NZ",
    "fixed": true,
    "global": true,
    "counties": null,
    "launchYear": null,
    "types": ["Public"],
    "startDate": "2023-12-25T00:00:00.000Z",
    "endDate": "2023-12-25T23:59:59.999Z"
  },
  {
    "localName": "Boxing Day",
    "name": "Boxing Day",
    "code": "NZ",
    "fixed": true,
    "global": true,
    "counties": null,
    "launchYear": null,
    "types": ["Public"],
    "startDate": "2023-12-26T00:00:00.000Z",
    "endDate": "2023-12-26T23:59:59.999Z"
  }
]
