[
  {
    "localName": "Nyttårsdag",
    "name": "New Year's Day",
    "code": "NO",
    "fixed": true,
    "global": true,
    "counties": null,
    "launchYear": null,
    "types": ["Public"],
    "startDate": "2025-01-01T00:00:00.000Z",
    "endDate": "2025-01-01T23:59:59.999Z"
  },
  {
    "localName": "Skjærtorsdag",
    "name": "Maundy Thursday",
    "code": "NO",
    "fixed": false,
    "global": true,
    "counties": null,
    "launchYear": null,
    "types": ["Public"],
    "startDate": "2025-04-17T00:00:00.000Z",
    "endDate": "2025-04-17T23:59:59.999Z"
  },
  {
    "localName": "Langfredag",
    "name": "Good Friday",
    "code": "NO",
    "fixed": false,
    "global": true,
    "counties": null,
    "launchYear": null,
    "types": ["Public"],
    "startDate": "2025-04-18T00:00:00.000Z",
    "endDate": "2025-04-18T23:59:59.999Z"
  },
  {
    "localName": "Første påskedag",
    "name": "Easter Sunday",
    "code": "NO",
    "fixed": false,
    "global": true,
    "counties": null,
    "launchYear": null,
    "types": ["Public"],
    "startDate": "2025-04-20T00:00:00.000Z",
    "endDate": "2025-04-20T23:59:59.999Z"
  },
  {
    "localName": "Andre påskedag",
    "name": "Easter Monday",
    "code": "NO",
    "fixed": false,
    "global": true,
    "counties": null,
    "launchYear": null,
    "types": ["Public"],
    "startDate": "2025-04-21T00:00:00.000Z",
    "endDate": "2025-04-21T23:59:59.999Z"
  },
  {
    "localName": "Arbeidernes dag",
    "name": "Labour Day",
    "code": "NO",
    "fixed": true,
    "global": true,
    "counties": null,
    "launchYear": null,
    "types": ["Public"],
    "startDate": "2025-05-01T00:00:00.000Z",
    "endDate": "2025-05-01T23:59:59.999Z"
  },
  {
    "localName": "Grunnlovsdag",
    "name": "Constitution Day",
    "code": "NO",
    "fixed": true,
    "global": true,
    "counties": null,
    "launchYear": 1814,
    "types": ["Public"],
    "startDate": "2025-05-17T00:00:00.000Z",
    "endDate": "2025-05-17T23:59:59.999Z"
  },
  {
    "localName": "Kristi himmelfartsdag",
    "name": "Ascension Day",
    "code": "NO",
    "fixed": false,
    "global": true,
    "counties": null,
    "launchYear": null,
    "types": ["Public"],
    "startDate": "2025-05-29T00:00:00.000Z",
    "endDate": "2025-05-29T23:59:59.999Z"
  },
  {
    "localName": "Første pinsedag",
    "name": "Whit Sunday",
    "code": "NO",
    "fixed": false,
    "global": true,
    "counties": null,
    "launchYear": null,
    "types": ["Public"],
    "startDate": "2025-06-08T00:00:00.000Z",
    "endDate": "2025-06-08T23:59:59.999Z"
  },
  {
    "localName": "Andre pinsedag",
    "name": "Whit Monday",
    "code": "NO",
    "fixed": false,
    "global": true,
    "counties": null,
    "launchYear": null,
    "types": ["Public"],
    "startDate": "2025-06-09T00:00:00.000Z",
    "endDate": "2025-06-09T23:59:59.999Z"
  },
  {
    "localName": "Første juledag",
    "name": "Christmas Day",
    "code": "NO",
    "fixed": true,
    "global": true,
    "counties": null,
    "launchYear": null,
    "types": ["Public"],
    "startDate": "2025-12-25T00:00:00.000Z",
    "endDate": "2025-12-25T23:59:59.999Z"
  },
  {
    "localName": "Andre juledag",
    "name": "Boxing Day",
    "code": "NO",
    "fixed": true,
    "global": true,
    "counties": null,
    "launchYear": null,
    "types": ["Public"],
    "startDate": "2025-12-26T00:00:00.000Z",
    "endDate": "2025-12-26T23:59:59.999Z"
  }
]
