[
  {
    "localName": "Nieuwjaarsdag",
    "name": "New Year's Day",
    "code": "NL",
    "fixed": true,
    "global": true,
    "counties": null,
    "launchYear": null,
    "types": ["Public"],
    "startDate": "2024-01-01T00:00:00.000Z",
    "endDate": "2024-01-01T23:59:59.999Z"
  },
  {
    "localName": "Goede Vrijdag",
    "name": "Good Friday",
    "code": "NL",
    "fixed": false,
    "global": true,
    "counties": null,
    "launchYear": null,
    "types": ["Public"],
    "startDate": "2024-03-29T00:00:00.000Z",
    "endDate": "2024-03-29T23:59:59.999Z"
  },
  {
    "localName": "Paaszondag",
    "name": "Easter Sunday",
    "code": "NL",
    "fixed": false,
    "global": true,
    "counties": null,
    "launchYear": null,
    "types": ["Public"],
    "startDate": "2024-03-31T00:00:00.000Z",
    "endDate": "2024-03-31T23:59:59.999Z"
  },
  {
    "localName": "Paasmaandag",
    "name": "Easter Monday",
    "code": "NL",
    "fixed": false,
    "global": true,
    "counties": null,
    "launchYear": null,
    "types": ["Public"],
    "startDate": "2024-04-01T00:00:00.000Z",
    "endDate": "2024-04-01T23:59:59.999Z"
  },
  {
    "localName": "Koningsdag",
    "name": "King's Day",
    "code": "NL",
    "fixed": true,
    "global": true,
    "counties": null,
    "launchYear": null,
    "types": ["Public"],
    "startDate": "2024-04-27T00:00:00.000Z",
    "endDate": "2024-04-27T23:59:59.999Z"
  },
  {
    "localName": "Bevrijdingsdag",
    "name": "Liberation Day",
    "code": "NL",
    "fixed": true,
    "global": true,
    "counties": null,
    "launchYear": 1945,
    "types": ["Public"],
    "startDate": "2024-05-05T00:00:00.000Z",
    "endDate": "2024-05-05T23:59:59.999Z"
  },
  {
    "localName": "Hemelvaartsdag",
    "name": "Ascension Day",
    "code": "NL",
    "fixed": false,
    "global": true,
    "counties": null,
    "launchYear": null,
    "types": ["Public"],
    "startDate": "2024-05-09T00:00:00.000Z",
    "endDate": "2024-05-09T23:59:59.999Z"
  },
  {
    "localName": "Pinksterzondag",
    "name": "Whit Sunday",
    "code": "NL",
    "fixed": false,
    "global": true,
    "counties": null,
    "launchYear": null,
    "types": ["Public"],
    "startDate": "2024-05-19T00:00:00.000Z",
    "endDate": "2024-05-19T23:59:59.999Z"
  },
  {
    "localName": "Pinkstermaandag",
    "name": "Whit Monday",
    "code": "NL",
    "fixed": false,
    "global": true,
    "counties": null,
    "launchYear": null,
    "types": ["Public"],
    "startDate": "2024-05-20T00:00:00.000Z",
    "endDate": "2024-05-20T23:59:59.999Z"
  },
  {
    "localName": "Eerste Kerstdag",
    "name": "Christmas Day",
    "code": "NL",
    "fixed": true,
    "global": true,
    "counties": null,
    "launchYear": null,
    "types": ["Public"],
    "startDate": "2024-12-25T00:00:00.000Z",
    "endDate": "2024-12-25T23:59:59.999Z"
  },
  {
    "localName": "Tweede Kerstdag",
    "name": "Second Day of Christmas",
    "code": "NL",
    "fixed": true,
    "global": true,
    "counties": null,
    "launchYear": null,
    "types": ["Public"],
    "startDate": "2024-12-26T00:00:00.000Z",
    "endDate": "2024-12-26T23:59:59.999Z"
  }
]
