[
  {
    "localName": "New Year's Day",
    "name": "New Year's Day",
    "code": "TT",
    "fixed": true,
    "global": true,
    "counties": null,
    "launchYear": null,
    "types": ["Public"],
    "startDate": "2025-01-01T00:00:00.000Z",
    "endDate": "2025-01-01T23:59:59.999Z"
  },
  {
    "localName": "Carnival Monday",
    "name": "Carnival Monday",
    "code": "TT",
    "fixed": false,
    "global": true,
    "counties": null,
    "launchYear": null,
    "types": ["Public"],
    "startDate": "2025-03-03T00:00:00.000Z",
    "endDate": "2025-03-03T23:59:59.999Z"
  },
  {
    "localName": "Carnival Tuesday",
    "name": "Carnival Tuesday",
    "code": "TT",
    "fixed": false,
    "global": true,
    "counties": null,
    "launchYear": null,
    "types": ["Public"],
    "startDate": "2025-03-04T00:00:00.000Z",
    "endDate": "2025-03-04T23:59:59.999Z"
  },
  {
    "localName": "Good Friday",
    "name": "Good Friday",
    "code": "TT",
    "fixed": false,
    "global": true,
    "counties": null,
    "launchYear": null,
    "types": ["Public"],
    "startDate": "2025-04-18T00:00:00.000Z",
    "endDate": "2025-04-18T23:59:59.999Z"
  },
  {
    "localName": "Easter Monday",
    "name": "Easter Monday",
    "code": "TT",
    "fixed": false,
    "global": true,
    "counties": null,
    "launchYear": null,
    "types": ["Public"],
    "startDate": "2025-04-21T00:00:00.000Z",
    "endDate": "2025-04-21T23:59:59.999Z"
  },
  {
    "localName": "Indian Arrival Day",
    "name": "Indian Arrival Day",
    "code": "TT",
    "fixed": true,
    "global": true,
    "counties": null,
    "launchYear": 1845,
    "types": ["Public"],
    "startDate": "2025-05-30T00:00:00.000Z",
    "endDate": "2025-05-30T23:59:59.999Z"
  },
  {
    "localName": "Corpus Christi",
    "name": "Corpus Christi",
    "code": "TT",
    "fixed": false,
    "global": true,
    "counties": null,
    "launchYear": null,
    "types": ["Public"],
    "startDate": "2025-06-19T00:00:00.000Z",
    "endDate": "2025-06-19T23:59:59.999Z"
  },
  {
    "localName": "Labour Day",
    "name": "Labour Day",
    "code": "TT",
    "fixed": true,
    "global": true,
    "counties": null,
    "launchYear": null,
    "types": ["Public"],
    "startDate": "2025-06-19T00:00:00.000Z",
    "endDate": "2025-06-19T23:59:59.999Z"
  },
  {
    "localName": "Emancipation Day",
    "name": "Emancipation Day",
    "code": "TT",
    "fixed": true,
    "global": true,
    "counties": null,
    "launchYear": 1834,
    "types": ["Public"],
    "startDate": "2025-08-01T00:00:00.000Z",
    "endDate": "2025-08-01T23:59:59.999Z"
  },
  {
    "localName": "Independence Day",
    "name": "Independence Day",
    "code": "TT",
    "fixed": true,
    "global": true,
    "counties": null,
    "launchYear": 1962,
    "types": ["Public"],
    "startDate": "2025-08-31T00:00:00.000Z",
    "endDate": "2025-08-31T23:59:59.999Z"
  },
  {
    "localName": "Republic Day",
    "name": "Republic Day",
    "code": "TT",
    "fixed": true,
    "global": true,
    "counties": null,
    "launchYear": 1976,
    "types": ["Public"],
    "startDate": "2025-09-24T00:00:00.000Z",
    "endDate": "2025-09-24T23:59:59.999Z"
  },
  {
    "localName": "Divali",
    "name": "Divali",
    "code": "TT",
    "fixed": false,
    "global": true,
    "counties": null,
    "launchYear": null,
    "types": ["Public"],
    "startDate": "2025-10-20T00:00:00.000Z",
    "endDate": "2025-10-20T23:59:59.999Z"
  },
  {
    "localName": "Christmas Day",
    "name": "Christmas Day",
    "code": "TT",
    "fixed": true,
    "global": true,
    "counties": null,
    "launchYear": null,
    "types": ["Public"],
    "startDate": "2025-12-25T00:00:00.000Z",
    "endDate": "2025-12-25T23:59:59.999Z"
  },
  {
    "localName": "Boxing Day",
    "name": "Boxing Day",
    "code": "TT",
    "fixed": true,
    "global": true,
    "counties": null,
    "launchYear": null,
    "types": ["Public"],
    "startDate": "2025-12-26T00:00:00.000Z",
    "endDate": "2025-12-26T23:59:59.999Z"
  }
]
