[
  {
    "localName": "New Year's Day",
    "name": "New Year's Day",
    "code": "KE",
    "fixed": true,
    "global": true,
    "counties": null,
    "launchYear": null,
    "types": ["Public"],
    "startDate": "2022-01-01T00:00:00.000Z",
    "endDate": "2022-01-01T23:59:59.999Z"
  },
  {
    "localName": "Good Friday",
    "name": "Good Friday",
    "code": "KE",
    "fixed": false,
    "global": true,
    "counties": null,
    "launchYear": null,
    "types": ["Public"],
    "startDate": "2022-04-15T00:00:00.000Z",
    "endDate": "2022-04-15T23:59:59.999Z"
  },
  {
    "localName": "Easter Monday",
    "name": "Easter Monday",
    "code": "KE",
    "fixed": false,
    "global": true,
    "counties": null,
    "launchYear": null,
    "types": ["Public"],
    "startDate": "2022-04-18T00:00:00.000Z",
    "endDate": "2022-04-18T23:59:59.999Z"
  },
  {
    "localName": "Labour Day",
    "name": "Labour Day",
    "code": "KE",
    "fixed": true,
    "global": true,
    "counties": null,
    "launchYear": null,
    "types": ["Public"],
    "startDate": "2022-05-01T00:00:00.000Z",
    "endDate": "2022-05-01T23:59:59.999Z"
  },
  {
    "localName": "Eid al-Fitr",
    "name": "Eid al-Fitr",
    "code": "KE",
    "fixed": false,
    "global": true,
    "counties": null,
    "launchYear": null,
    "types": ["Public"],
    "startDate": "2022-05-02T00:00:00.000Z",
    "endDate": "2022-05-02T23:59:59.999Z"
  },
  {
    "localName": "Madaraka Day",
    "name": "Madaraka Day",
    "code": "KE",
    "fixed": true,
    "global": true,
    "counties": null,
    "launchYear": null,
    "types": ["Public"],
    "startDate": "2022-06-01T00:00:00.000Z",
    "endDate": "2022-06-01T23:59:59.999Z"
  },
  {
    "localName": "Eid al-Adha",
    "name": "Eid al-Adha",
    "code": "KE",
    "fixed": false,
    "global": true,
    "counties": null,
    "launchYear": null,
    "types": ["Public"],
    "startDate": "2022-07-09T00:00:00.000Z",
    "endDate": "2022-07-09T23:59:59.999Z"
  },
  {
    "localName": "Mashujaa Day",
    "name": "Mashujaa Day",
    "code": "KE",
    "fixed": true,
    "global": true,
    "counties": null,
    "launchYear": null,
    "types": ["Public"],
    "startDate": "2022-10-20T00:00:00.000Z",
    "endDate": "2022-10-20T23:59:59.999Z"
  },
  {
    "localName": "Jamhuri Day",
    "name": "Jamhuri Day",
    "code": "KE",
    "fixed": true,
    "global": true,
    "counties": null,
    "launchYear": null,
    "types": ["Public"],
    "startDate": "2022-12-12T00:00:00.000Z",
    "endDate": "2022-12-12T23:59:59.999Z"
  },
  {
    "localName": "Christmas Day",
    "name": "Christmas Day",
    "code": "KE",
    "fixed": true,
    "global": true,
    "counties": null,
    "launchYear": null,
    "types": ["Public"],
    "startDate": "2022-12-25T00:00:00.000Z",
    "endDate": "2022-12-25T23:59:59.999Z"
  },
  {
    "localName": "Boxing Day",
    "name": "Boxing Day",
    "code": "KE",
    "fixed": true,
    "global": true,
    "counties": null,
    "launchYear": null,
    "types": ["Public"],
    "startDate": "2022-12-26T00:00:00.000Z",
    "endDate": "2022-12-26T23:59:59.999Z"
  }
]
