[
  {
    "localName": "New Year's Day",
    "name": "New Year's Day",
    "code": "UK",
    "fixed": true,
    "global": true,
    "counties": null,
    "launchYear": null,
    "types": ["Public"],
    "startDate": "2022-01-01T00:00:00.000Z",
    "endDate": "2022-01-01T23:59:59.999Z"
  },
  {
    "localName": "New Year's Day (substitute day)",
    "name": "New Year's Day (substitute day)",
    "code": "UK",
    "fixed": false,
    "global": true,
    "counties": null,
    "launchYear": null,
    "types": ["Public"],
    "startDate": "2022-01-03T00:00:00.000Z",
    "endDate": "2022-01-03T23:59:59.999Z"
  },
  {
    "localName": "Good Friday",
    "name": "Good Friday",
    "code": "UK",
    "fixed": false,
    "global": true,
    "counties": null,
    "launchYear": null,
    "types": ["Public"],
    "startDate": "2022-04-15T00:00:00.000Z",
    "endDate": "2022-04-15T23:59:59.999Z"
  },
  {
    "localName": "Easter Monday",
    "name": "Easter Monday",
    "code": "UK",
    "fixed": false,
    "global": true,
    "counties": null,
    "launchYear": null,
    "types": ["Public"],
    "startDate": "2022-04-18T00:00:00.000Z",
    "endDate": "2022-04-18T23:59:59.999Z"
  },
  {
    "localName": "Early May Bank Holiday",
    "name": "Early May Bank Holiday",
    "code": "UK",
    "fixed": false,
    "global": true,
    "counties": null,
    "launchYear": null,
    "types": ["Public"],
    "startDate": "2022-05-02T00:00:00.000Z",
    "endDate": "2022-05-02T23:59:59.999Z"
  },
  {
    "localName": "Spring Bank Holiday",
    "name": "Spring Bank Holiday",
    "code": "UK",
    "fixed": false,
    "global": true,
    "counties": null,
    "launchYear": null,
    "types": ["Public"],
    "startDate": "2022-06-02T00:00:00.000Z",
    "endDate": "2022-06-02T23:59:59.999Z"
  },
  {
    "localName": "Platinum Jubilee Bank Holiday",
    "name": "Platinum Jubilee Bank Holiday",
    "code": "UK",
    "fixed": false,
    "global": true,
    "counties": null,
    "launchYear": 2022,
    "types": ["Public"],
    "startDate": "2022-06-03T00:00:00.000Z",
    "endDate": "2022-06-03T23:59:59.999Z"
  },
  {
    "localName": "Summer Bank Holiday",
    "name": "Summer Bank Holiday",
    "code": "UK",
    "fixed": false,
    "global": true,
    "counties": null,
    "launchYear": null,
    "types": ["Public"],
    "startDate": "2022-08-29T00:00:00.000Z",
    "endDate": "2022-08-29T23:59:59.999Z"
  },
  {
    "localName": "Christmas Day",
    "name": "Christmas Day",
    "code": "UK",
    "fixed": true,
    "global": true,
    "counties": null,
    "launchYear": null,
    "types": ["Public"],
    "startDate": "2022-12-25T00:00:00.000Z",
    "endDate": "2022-12-25T23:59:59.999Z"
  },
  {
    "localName": "Boxing Day",
    "name": "Boxing Day",
    "code": "UK",
    "fixed": true,
    "global": true,
    "counties": null,
    "launchYear": null,
    "types": ["Public"],
    "startDate": "2022-12-26T00:00:00.000Z",
    "endDate": "2022-12-26T23:59:59.999Z"
  },
  {
    "localName": "Christmas Day (substitute day)",
    "name": "Christmas Day (substitute day)",
    "code": "UK",
    "fixed": false,
    "global": true,
    "counties": null,
    "launchYear": null,
    "types": ["Public"],
    "startDate": "2022-12-27T00:00:00.000Z",
    "endDate": "2022-12-27T23:59:59.999Z"
  }
]
