[
  {
    "localName": "Neujahr",
    "name": "New Year's Day",
    "code": "CH",
    "fixed": true,
    "global": true,
    "counties": null,
    "launchYear": null,
    "types": ["Public"],
    "startDate": "2023-01-01T00:00:00.000Z",
    "endDate": "2023-01-01T23:59:59.999Z"
  },
  {
    "localName": "Berchtoldstag",
    "name": "Berchtold's Day",
    "code": "CH",
    "fixed": true,
    "global": false,
    "counties": [
      "Aargau",
      "Bern",
      "Fribourg",
      "Glarus",
      "Jura",
      "Luzern",
      "Neuch창tel",
      "Obwalden",
      "Schaffhausen",
      "Solothurn",
      "Thurgau",
      "Vaud",
      "Z체rich"
    ],
    "launchYear": null,
    "types": ["Public"],
    "startDate": "2023-01-02T00:00:00.000Z",
    "endDate": "2023-01-02T23:59:59.999Z"
  },
  {
    "localName": "Karfreitag",
    "name": "Good Friday",
    "code": "CH",
    "fixed": false,
    "global": true,
    "counties": null,
    "launchYear": null,
    "types": ["Public"],
    "startDate": "2023-04-07T00:00:00.000Z",
    "endDate": "2023-04-07T23:59:59.999Z"
  },
  {
    "localName": "Ostermontag",
    "name": "Easter Monday",
    "code": "CH",
    "fixed": false,
    "global": true,
    "counties": null,
    "launchYear": null,
    "types": ["Public"],
    "startDate": "2023-04-10T00:00:00.000Z",
    "endDate": "2023-04-10T23:59:59.999Z"
  },
  {
    "localName": "Tag der Arbeit",
    "name": "Labour Day",
    "code": "CH",
    "fixed": true,
    "global": false,
    "counties": [
      "Basel-Stadt",
      "Basel-Landschaft",
      "Fribourg",
      "Jura",
      "Neuch창tel",
      "Schaffhausen",
      "Solothurn",
      "Thurgau",
      "Ticino",
      "Z체rich"
    ],
    "launchYear": null,
    "types": ["Public"],
    "startDate": "2023-05-01T00:00:00.000Z",
    "endDate": "2023-05-01T23:59:59.999Z"
  },
  {
    "localName": "Auffahrt",
    "name": "Ascension Day",
    "code": "CH",
    "fixed": false,
    "global": true,
    "counties": null,
    "launchYear": null,
    "types": ["Public"],
    "startDate": "2023-05-18T00:00:00.000Z",
    "endDate": "2023-05-18T23:59:59.999Z"
  },
  {
    "localName": "Pfingstmontag",
    "name": "Whit Monday",
    "code": "CH",
    "fixed": false,
    "global": true,
    "counties": null,
    "launchYear": null,
    "types": ["Public"],
    "startDate": "2023-05-29T00:00:00.000Z",
    "endDate": "2023-05-29T23:59:59.999Z"
  },
  {
    "localName": "Bundesfeier",
    "name": "National Day",
    "code": "CH",
    "fixed": true,
    "global": true,
    "counties": null,
    "launchYear": 1291,
    "types": ["Public"],
    "startDate": "2023-08-01T00:00:00.000Z",
    "endDate": "2023-08-01T23:59:59.999Z"
  },
  {
    "localName": "Weihnachten",
    "name": "Christmas Day",
    "code": "CH",
    "fixed": true,
    "global": true,
    "counties": null,
    "launchYear": null,
    "types": ["Public"],
    "startDate": "2023-12-25T00:00:00.000Z",
    "endDate": "2023-12-25T23:59:59.999Z"
  },
  {
    "localName": "Stephanstag",
    "name": "St. Stephen's Day",
    "code": "CH",
    "fixed": true,
    "global": true,
    "counties": null,
    "launchYear": null,
    "types": ["Public"],
    "startDate": "2023-12-26T00:00:00.000Z",
    "endDate": "2023-12-26T23:59:59.999Z"
  }
]
