[
  {
    "localName": "Año Nuevo",
    "name": "New Year's Day",
    "code": "PE",
    "fixed": true,
    "global": true,
    "counties": null,
    "launchYear": null,
    "types": ["Public"],
    "startDate": "2022-01-01T00:00:00.000Z",
    "endDate": "2022-01-01T23:59:59.999Z"
  },
  {
    "localName": "Jueves Santo",
    "name": "Maundy Thursday",
    "code": "PE",
    "fixed": false,
    "global": true,
    "counties": null,
    "launchYear": null,
    "types": ["Public"],
    "startDate": "2022-04-14T00:00:00.000Z",
    "endDate": "2022-04-14T23:59:59.999Z"
  },
  {
    "localName": "Viernes Santo",
    "name": "Good Friday",
    "code": "PE",
    "fixed": false,
    "global": true,
    "counties": null,
    "launchYear": null,
    "types": ["Public"],
    "startDate": "2022-04-15T00:00:00.000Z",
    "endDate": "2022-04-15T23:59:59.999Z"
  },
  {
    "localName": "Día del Trabajo",
    "name": "Labour Day",
    "code": "PE",
    "fixed": true,
    "global": true,
    "counties": null,
    "launchYear": null,
    "types": ["Public"],
    "startDate": "2022-05-01T00:00:00.000Z",
    "endDate": "2022-05-01T23:59:59.999Z"
  },
  {
    "localName": "San Pedro y San Pablo",
    "name": "Saint Peter and Saint Paul",
    "code": "PE",
    "fixed": true,
    "global": true,
    "counties": null,
    "launchYear": null,
    "types": ["Public"],
    "startDate": "2022-06-29T00:00:00.000Z",
    "endDate": "2022-06-29T23:59:59.999Z"
  },
  {
    "localName": "Día de la Independencia",
    "name": "Independence Day",
    "code": "PE",
    "fixed": true,
    "global": true,
    "counties": null,
    "launchYear": null,
    "types": ["Public"],
    "startDate": "2022-07-28T00:00:00.000Z",
    "endDate": "2022-07-29T23:59:59.999Z"
  },
  {
    "localName": "Santa Rosa de Lima",
    "name": "Saint Rose of Lima",
    "code": "PE",
    "fixed": true,
    "global": true,
    "counties": null,
    "launchYear": null,
    "types": ["Public"],
    "startDate": "2022-08-30T00:00:00.000Z",
    "endDate": "2022-08-30T23:59:59.999Z"
  },
  {
    "localName": "Combate de Angamos",
    "name": "Battle of Angamos",
    "code": "PE",
    "fixed": true,
    "global": true,
    "counties": null,
    "launchYear": null,
    "types": ["Public"],
    "startDate": "2022-10-08T00:00:00.000Z",
    "endDate": "2022-10-08T23:59:59.999Z"
  },
  {
    "localName": "Día de Todos los Santos",
    "name": "All Saints' Day",
    "code": "PE",
    "fixed": true,
    "global": true,
    "counties": null,
    "launchYear": null,
    "types": ["Public"],
    "startDate": "2022-11-01T00:00:00.000Z",
    "endDate": "2022-11-01T23:59:59.999Z"
  },
  {
    "localName": "Inmaculada Concepción",
    "name": "Immaculate Conception",
    "code": "PE",
    "fixed": true,
    "global": true,
    "counties": null,
    "launchYear": null,
    "types": ["Public"],
    "startDate": "2022-12-08T00:00:00.000Z",
    "endDate": "2022-12-08T23:59:59.999Z"
  },
  {
    "localName": "Batalla de Ayacucho",
    "name": "Battle of Ayacucho",
    "code": "PE",
    "fixed": true,
    "global": true,
    "counties": null,
    "launchYear": null,
    "types": ["Public"],
    "startDate": "2022-12-09T00:00:00.000Z",
    "endDate": "2022-12-09T23:59:59.999Z"
  },
  {
    "localName": "Navidad",
    "name": "Christmas Day",
    "code": "PE",
    "fixed": true,
    "global": true,
    "counties": null,
    "launchYear": null,
    "types": ["Public"],
    "startDate": "2022-12-25T00:00:00.000Z",
    "endDate": "2022-12-25T23:59:59.999Z"
  }
]
