[
  {
    "localName": "Año Nuevo",
    "name": "New Year's Day",
    "code": "CL",
    "fixed": true,
    "global": true,
    "counties": null,
    "launchYear": null,
    "types": ["Public"],
    "startDate": "2022-01-01T00:00:00.000Z",
    "endDate": "2022-01-01T23:59:59.999Z"
  },
  {
    "localName": "Viernes Santo",
    "name": "Good Friday",
    "code": "CL",
    "fixed": false,
    "global": true,
    "counties": null,
    "launchYear": null,
    "types": ["Public"],
    "startDate": "2022-04-15T00:00:00.000Z",
    "endDate": "2022-04-15T23:59:59.999Z"
  },
  {
    "localName": "Sábado Santo",
    "name": "Holy Saturday",
    "code": "CL",
    "fixed": false,
    "global": true,
    "counties": null,
    "launchYear": null,
    "types": ["Public"],
    "startDate": "2022-04-16T00:00:00.000Z",
    "endDate": "2022-04-16T23:59:59.999Z"
  },
  {
    "localName": "Día del Trabajo",
    "name": "Labour Day",
    "code": "CL",
    "fixed": true,
    "global": true,
    "counties": null,
    "launchYear": null,
    "types": ["Public"],
    "startDate": "2022-05-01T00:00:00.000Z",
    "endDate": "2022-05-01T23:59:59.999Z"
  },
  {
    "localName": "Día de las Glorias Navales",
    "name": "Navy Day",
    "code": "CL",
    "fixed": true,
    "global": true,
    "counties": null,
    "launchYear": null,
    "types": ["Public"],
    "startDate": "2022-05-21T00:00:00.000Z",
    "endDate": "2022-05-21T23:59:59.999Z"
  },
  {
    "localName": "Día Nacional de los Pueblos Indígenas",
    "name": "Day of Indigenous Peoples",
    "code": "CL",
    "fixed": true,
    "global": true,
    "counties": null,
    "launchYear": null,
    "types": ["Public"],
    "startDate": "2022-06-21T00:00:00.000Z",
    "endDate": "2022-06-21T23:59:59.999Z"
  },
  {
    "localName": "San Pedro y San Pablo",
    "name": "Saint Peter and Saint Paul",
    "code": "CL",
    "fixed": false,
    "global": true,
    "counties": null,
    "launchYear": null,
    "types": ["Public"],
    "startDate": "2022-06-27T00:00:00.000Z",
    "endDate": "2022-06-27T23:59:59.999Z"
  },
  {
    "localName": "Virgen del Carmen",
    "name": "Our Lady of Mount Carmel",
    "code": "CL",
    "fixed": true,
    "global": true,
    "counties": null,
    "launchYear": null,
    "types": ["Public"],
    "startDate": "2022-07-16T00:00:00.000Z",
    "endDate": "2022-07-16T23:59:59.999Z"
  },
  {
    "localName": "Asunción de la Virgen",
    "name": "Assumption of Mary",
    "code": "CL",
    "fixed": true,
    "global": true,
    "counties": null,
    "launchYear": null,
    "types": ["Public"],
    "startDate": "2022-08-15T00:00:00.000Z",
    "endDate": "2022-08-15T23:59:59.999Z"
  },
  {
    "localName": "Día de la Independencia",
    "name": "Independence Day",
    "code": "CL",
    "fixed": true,
    "global": true,
    "counties": null,
    "launchYear": null,
    "types": ["Public"],
    "startDate": "2022-09-18T00:00:00.000Z",
    "endDate": "2022-09-18T23:59:59.999Z"
  },
  {
    "localName": "Día de las Glorias del Ejército",
    "name": "Army Day",
    "code": "CL",
    "fixed": true,
    "global": true,
    "counties": null,
    "launchYear": null,
    "types": ["Public"],
    "startDate": "2022-09-19T00:00:00.000Z",
    "endDate": "2022-09-19T23:59:59.999Z"
  },
  {
    "localName": "Encuentro de Dos Mundos",
    "name": "Columbus Day",
    "code": "CL",
    "fixed": false,
    "global": true,
    "counties": null,
    "launchYear": null,
    "types": ["Public"],
    "startDate": "2022-10-10T00:00:00.000Z",
    "endDate": "2022-10-10T23:59:59.999Z"
  },
  {
    "localName": "Día de las Iglesias Evangélicas",
    "name": "Reformation Day",
    "code": "CL",
    "fixed": false,
    "global": true,
    "counties": null,
    "launchYear": null,
    "types": ["Public"],
    "startDate": "2022-10-31T00:00:00.000Z",
    "endDate": "2022-10-31T23:59:59.999Z"
  },
  {
    "localName": "Día de Todos los Santos",
    "name": "All Saints' Day",
    "code": "CL",
    "fixed": true,
    "global": true,
    "counties": null,
    "launchYear": null,
    "types": ["Public"],
    "startDate": "2022-11-01T00:00:00.000Z",
    "endDate": "2022-11-01T23:59:59.999Z"
  },
  {
    "localName": "Inmaculada Concepción",
    "name": "Immaculate Conception",
    "code": "CL",
    "fixed": true,
    "global": true,
    "counties": null,
    "launchYear": null,
    "types": ["Public"],
    "startDate": "2022-12-08T00:00:00.000Z",
    "endDate": "2022-12-08T23:59:59.999Z"
  },
  {
    "localName": "Navidad",
    "name": "Christmas Day",
    "code": "CL",
    "fixed": true,
    "global": true,
    "counties": null,
    "launchYear": null,
    "types": ["Public"],
    "startDate": "2022-12-25T00:00:00.000Z",
    "endDate": "2022-12-25T23:59:59.999Z"
  }
]
