[
  {
    "localName": "元日",
    "name": "New Year's Day",
    "code": "JP",
    "fixed": true,
    "global": true,
    "counties": null,
    "launchYear": null,
    "types": ["Public"],
    "startDate": "2024-01-01T00:00:00.000Z",
    "endDate": "2024-01-01T23:59:59.999Z"
  },
  {
    "localName": "成人の日",
    "name": "Coming of Age Day",
    "code": "JP",
    "fixed": false,
    "global": true,
    "counties": null,
    "launchYear": null,
    "types": ["Public"],
    "startDate": "2024-01-08T00:00:00.000Z",
    "endDate": "2024-01-08T23:59:59.999Z"
  },
  {
    "localName": "建国記念の日",
    "name": "National Foundation Day",
    "code": "JP",
    "fixed": true,
    "global": true,
    "counties": null,
    "launchYear": null,
    "types": ["Public"],
    "startDate": "2024-02-11T00:00:00.000Z",
    "endDate": "2024-02-11T23:59:59.999Z"
  },
  {
    "localName": "休日",
    "name": "Substitute Holiday",
    "code": "JP",
    "fixed": false,
    "global": true,
    "counties": null,
    "launchYear": null,
    "types": ["Public"],
    "startDate": "2024-02-12T00:00:00.000Z",
    "endDate": "2024-02-12T23:59:59.999Z"
  },
  {
    "localName": "天皇誕生日",
    "name": "Emperor's Birthday",
    "code": "JP",
    "fixed": true,
    "global": true,
    "counties": null,
    "launchYear": null,
    "types": ["Public"],
    "startDate": "2024-02-23T00:00:00.000Z",
    "endDate": "2024-02-23T23:59:59.999Z"
  },
  {
    "localName": "春分の日",
    "name": "Vernal Equinox Day",
    "code": "JP",
    "fixed": false,
    "global": true,
    "counties": null,
    "launchYear": null,
    "types": ["Public"],
    "startDate": "2024-03-20T00:00:00.000Z",
    "endDate": "2024-03-20T23:59:59.999Z"
  },
  {
    "localName": "昭和の日",
    "name": "Showa Day",
    "code": "JP",
    "fixed": true,
    "global": true,
    "counties": null,
    "launchYear": null,
    "types": ["Public"],
    "startDate": "2024-04-29T00:00:00.000Z",
    "endDate": "2024-04-29T23:59:59.999Z"
  },
  {
    "localName": "憲法記念日",
    "name": "Constitution Memorial Day",
    "code": "JP",
    "fixed": true,
    "global": true,
    "counties": null,
    "launchYear": 1947,
    "types": ["Public"],
    "startDate": "2024-05-03T00:00:00.000Z",
    "endDate": "2024-05-03T23:59:59.999Z"
  },
  {
    "localName": "みどりの日",
    "name": "Greenery Day",
    "code": "JP",
    "fixed": true,
    "global": true,
    "counties": null,
    "launchYear": null,
    "types": ["Public"],
    "startDate": "2024-05-04T00:00:00.000Z",
    "endDate": "2024-05-04T23:59:59.999Z"
  },
  {
    "localName": "こどもの日",
    "name": "Children's Day",
    "code": "JP",
    "fixed": true,
    "global": true,
    "counties": null,
    "launchYear": null,
    "types": ["Public"],
    "startDate": "2024-05-05T00:00:00.000Z",
    "endDate": "2024-05-05T23:59:59.999Z"
  },
  {
    "localName": "休日",
    "name": "Substitute Holiday",
    "code": "JP",
    "fixed": false,
    "global": true,
    "counties": null,
    "launchYear": null,
    "types": ["Public"],
    "startDate": "2024-05-06T00:00:00.000Z",
    "endDate": "2024-05-06T23:59:59.999Z"
  },
  {
    "localName": "海の日",
    "name": "Marine Day",
    "code": "JP",
    "fixed": false,
    "global": true,
    "counties": null,
    "launchYear": null,
    "types": ["Public"],
    "startDate": "2024-07-15T00:00:00.000Z",
    "endDate": "2024-07-15T23:59:59.999Z"
  },
  {
    "localName": "山の日",
    "name": "Mountain Day",
    "code": "JP",
    "fixed": true,
    "global": true,
    "counties": null,
    "launchYear": 2016,
    "types": ["Public"],
    "startDate": "2024-08-11T00:00:00.000Z",
    "endDate": "2024-08-11T23:59:59.999Z"
  },
  {
    "localName": "休日",
    "name": "Substitute Holiday",
    "code": "JP",
    "fixed": false,
    "global": true,
    "counties": null,
    "launchYear": null,
    "types": ["Public"],
    "startDate": "2024-08-12T00:00:00.000Z",
    "endDate": "2024-08-12T23:59:59.999Z"
  },
  {
    "localName": "敬老の日",
    "name": "Respect for the Aged Day",
    "code": "JP",
    "fixed": false,
    "global": true,
    "counties": null,
    "launchYear": null,
    "types": ["Public"],
    "startDate": "2024-09-16T00:00:00.000Z",
    "endDate": "2024-09-16T23:59:59.999Z"
  },
  {
    "localName": "秋分の日",
    "name": "Autumnal Equinox Day",
    "code": "JP",
    "fixed": false,
    "global": true,
    "counties": null,
    "launchYear": null,
    "types": ["Public"],
    "startDate": "2024-09-22T00:00:00.000Z",
    "endDate": "2024-09-22T23:59:59.999Z"
  },
  {
    "localName": "休日",
    "name": "Substitute Holiday",
    "code": "JP",
    "fixed": false,
    "global": true,
    "counties": null,
    "launchYear": null,
    "types": ["Public"],
    "startDate": "2024-09-23T00:00:00.000Z",
    "endDate": "2024-09-23T23:59:59.999Z"
  },
  {
    "localName": "スポーツの日",
    "name": "Sports Day",
    "code": "JP",
    "fixed": false,
    "global": true,
    "counties": null,
    "launchYear": null,
    "types": ["Public"],
    "startDate": "2024-10-14T00:00:00.000Z",
    "endDate": "2024-10-14T23:59:59.999Z"
  },
  {
    "localName": "文化の日",
    "name": "Culture Day",
    "code": "JP",
    "fixed": true,
    "global": true,
    "counties": null,
    "launchYear": null,
    "types": ["Public"],
    "startDate": "2024-11-03T00:00:00.000Z",
    "endDate": "2024-11-03T23:59:59.999Z"
  },
  {
    "localName": "休日",
    "name": "Substitute Holiday",
    "code": "JP",
    "fixed": false,
    "global": true,
    "counties": null,
    "launchYear": null,
    "types": ["Public"],
    "startDate": "2024-11-04T00:00:00.000Z",
    "endDate": "2024-11-04T23:59:59.999Z"
  },
  {
    "localName": "勤労感謝の日",
    "name": "Labor Thanksgiving Day",
    "code": "JP",
    "fixed": true,
    "global": true,
    "counties": null,
    "launchYear": null,
    "types": ["Public"],
    "startDate": "2024-11-23T00:00:00.000Z",
    "endDate": "2024-11-23T23:59:59.999Z"
  }
]
