[
  {
    "localName": "Πρωτοχρονιά",
    "name": "New Year's Day",
    "code": "GR",
    "fixed": true,
    "global": true,
    "counties": null,
    "launchYear": null,
    "types": ["Public"],
    "startDate": "2024-01-01T00:00:00.000Z",
    "endDate": "2024-01-01T23:59:59.999Z"
  },
  {
    "localName": "Θεοφάνεια",
    "name": "Epiphany",
    "code": "GR",
    "fixed": true,
    "global": true,
    "counties": null,
    "launchYear": null,
    "types": ["Public"],
    "startDate": "2024-01-06T00:00:00.000Z",
    "endDate": "2024-01-06T23:59:59.999Z"
  },
  {
    "localName": "Καθαρά Δευτέρα",
    "name": "Clean Monday",
    "code": "GR",
    "fixed": false,
    "global": true,
    "counties": null,
    "launchYear": null,
    "types": ["Public"],
    "startDate": "2024-03-18T00:00:00.000Z",
    "endDate": "2024-03-18T23:59:59.999Z"
  },
  {
    "localName": "Εικοστή Πέμπτη Μαρτίου",
    "name": "Independence Day",
    "code": "GR",
    "fixed": true,
    "global": true,
    "counties": null,
    "launchYear": 1821,
    "types": ["Public"],
    "startDate": "2024-03-25T00:00:00.000Z",
    "endDate": "2024-03-25T23:59:59.999Z"
  },
  {
    "localName": "Μεγάλη Παρασκευή",
    "name": "Good Friday",
    "code": "GR",
    "fixed": false,
    "global": true,
    "counties": null,
    "launchYear": null,
    "types": ["Public"],
    "startDate": "2024-05-03T00:00:00.000Z",
    "endDate": "2024-05-03T23:59:59.999Z"
  },
  {
    "localName": "Δευτέρα του Πάσχα",
    "name": "Easter Monday",
    "code": "GR",
    "fixed": false,
    "global": true,
    "counties": null,
    "launchYear": null,
    "types": ["Public"],
    "startDate": "2024-05-06T00:00:00.000Z",
    "endDate": "2024-05-06T23:59:59.999Z"
  },
  {
    "localName": "Πρωτομαγιά",
    "name": "Labour Day",
    "code": "GR",
    "fixed": true,
    "global": true,
    "counties": null,
    "launchYear": null,
    "types": ["Public"],
    "startDate": "2024-05-01T00:00:00.000Z",
    "endDate": "2024-05-01T23:59:59.999Z"
  },
  {
    "localName": "Αγίου Πνεύματος",
    "name": "Whit Monday",
    "code": "GR",
    "fixed": false,
    "global": true,
    "counties": null,
    "launchYear": null,
    "types": ["Public"],
    "startDate": "2024-06-24T00:00:00.000Z",
    "endDate": "2024-06-24T23:59:59.999Z"
  },
  {
    "localName": "Κοίμηση της Θεοτόκου",
    "name": "Assumption of Mary",
    "code": "GR",
    "fixed": true,
    "global": true,
    "counties": null,
    "launchYear": null,
    "types": ["Public"],
    "startDate": "2024-08-15T00:00:00.000Z",
    "endDate": "2024-08-15T23:59:59.999Z"
  },
  {
    "localName": "Επέτειος του Όχι",
    "name": "Ochi Day",
    "code": "GR",
    "fixed": true,
    "global": true,
    "counties": null,
    "launchYear": 1940,
    "types": ["Public"],
    "startDate": "2024-10-28T00:00:00.000Z",
    "endDate": "2024-10-28T23:59:59.999Z"
  },
  {
    "localName": "Χριστούγεννα",
    "name": "Christmas Day",
    "code": "GR",
    "fixed": true,
    "global": true,
    "counties": null,
    "launchYear": null,
    "types": ["Public"],
    "startDate": "2024-12-25T00:00:00.000Z",
    "endDate": "2024-12-25T23:59:59.999Z"
  },
  {
    "localName": "Σύναξη της Υπεραγίας Θεοτόκου",
    "name": "Glorifying Mother of God",
    "code": "GR",
    "fixed": true,
    "global": true,
    "counties": null,
    "launchYear": null,
    "types": ["Public"],
    "startDate": "2024-12-26T00:00:00.000Z",
    "endDate": "2024-12-26T23:59:59.999Z"
  }
]
