[
  {
    "localName": "Jour de l'An",
    "name": "New Year's Day",
    "code": "FR",
    "fixed": true,
    "global": true,
    "counties": null,
    "launchYear": null,
    "types": ["Public"],
    "startDate": "2024-01-01T00:00:00.000Z",
    "endDate": "2024-01-01T23:59:59.999Z"
  },
  {
    "localName": "Vendredi Saint",
    "name": "Good Friday",
    "code": "FR",
    "fixed": false,
    "global": false,
    "counties": ["Alsace", "Moselle"],
    "launchYear": null,
    "types": ["Public"],
    "startDate": "2024-03-29T00:00:00.000Z",
    "endDate": "2024-03-29T23:59:59.999Z"
  },
  {
    "localName": "Lundi de Pâques",
    "name": "Easter Monday",
    "code": "FR",
    "fixed": false,
    "global": true,
    "counties": null,
    "launchYear": null,
    "types": ["Public"],
    "startDate": "2024-04-01T00:00:00.000Z",
    "endDate": "2024-04-01T23:59:59.999Z"
  },
  {
    "localName": "Fête du Travail",
    "name": "Labour Day",
    "code": "FR",
    "fixed": true,
    "global": true,
    "counties": null,
    "launchYear": null,
    "types": ["Public"],
    "startDate": "2024-05-01T00:00:00.000Z",
    "endDate": "2024-05-01T23:59:59.999Z"
  },
  {
    "localName": "Fête de la Victoire 1945",
    "name": "Victory in Europe Day",
    "code": "FR",
    "fixed": true,
    "global": true,
    "counties": null,
    "launchYear": 1945,
    "types": ["Public"],
    "startDate": "2024-05-08T00:00:00.000Z",
    "endDate": "2024-05-08T23:59:59.999Z"
  },
  {
    "localName": "Ascension",
    "name": "Ascension Day",
    "code": "FR",
    "fixed": false,
    "global": true,
    "counties": null,
    "launchYear": null,
    "types": ["Public"],
    "startDate": "2024-05-09T00:00:00.000Z",
    "endDate": "2024-05-09T23:59:59.999Z"
  },
  {
    "localName": "Lundi de Pentecôte",
    "name": "Whit Monday",
    "code": "FR",
    "fixed": false,
    "global": true,
    "counties": null,
    "launchYear": null,
    "types": ["Public"],
    "startDate": "2024-05-20T00:00:00.000Z",
    "endDate": "2024-05-20T23:59:59.999Z"
  },
  {
    "localName": "Fête Nationale",
    "name": "Bastille Day",
    "code": "FR",
    "fixed": true,
    "global": true,
    "counties": null,
    "launchYear": 1789,
    "types": ["Public"],
    "startDate": "2024-07-14T00:00:00.000Z",
    "endDate": "2024-07-14T23:59:59.999Z"
  },
  {
    "localName": "Assomption",
    "name": "Assumption of Mary",
    "code": "FR",
    "fixed": true,
    "global": true,
    "counties": null,
    "launchYear": null,
    "types": ["Public"],
    "startDate": "2024-08-15T00:00:00.000Z",
    "endDate": "2024-08-15T23:59:59.999Z"
  },
  {
    "localName": "Toussaint",
    "name": "All Saints' Day",
    "code": "FR",
    "fixed": true,
    "global": true,
    "counties": null,
    "launchYear": null,
    "types": ["Public"],
    "startDate": "2024-11-01T00:00:00.000Z",
    "endDate": "2024-11-01T23:59:59.999Z"
  },
  {
    "localName": "Armistice 1918",
    "name": "Armistice Day",
    "code": "FR",
    "fixed": true,
    "global": true,
    "counties": null,
    "launchYear": 1918,
    "types": ["Public"],
    "startDate": "2024-11-11T00:00:00.000Z",
    "endDate": "2024-11-11T23:59:59.999Z"
  },
  {
    "localName": "Noël",
    "name": "Christmas Day",
    "code": "FR",
    "fixed": true,
    "global": true,
    "counties": null,
    "launchYear": null,
    "types": ["Public"],
    "startDate": "2024-12-25T00:00:00.000Z",
    "endDate": "2024-12-25T23:59:59.999Z"
  },
  {
    "localName": "Saint-Étienne",
    "name": "St. Stephen's Day",
    "code": "FR",
    "fixed": true,
    "global": false,
    "counties": ["Alsace", "Moselle"],
    "launchYear": null,
    "types": ["Public"],
    "startDate": "2024-12-26T00:00:00.000Z",
    "endDate": "2024-12-26T23:59:59.999Z"
  }
]
