[
  {
    "localName": "Neujahr",
    "name": "New Year's Day",
    "code": "AT",
    "fixed": true,
    "global": true,
    "counties": null,
    "launchYear": null,
    "types": ["Public"],
    "startDate": "2022-01-01T00:00:00.000Z",
    "endDate": "2022-01-01T23:59:59.999Z"
  },
  {
    "localName": "Heilige Drei Könige",
    "name": "Epiphany",
    "code": "AT",
    "fixed": true,
    "global": true,
    "counties": null,
    "launchYear": null,
    "types": ["Public"],
    "startDate": "2022-01-06T00:00:00.000Z",
    "endDate": "2022-01-06T23:59:59.999Z"
  },
  {
    "localName": "Ostermontag",
    "name": "Easter Monday",
    "code": "AT",
    "fixed": false,
    "global": true,
    "counties": null,
    "launchYear": null,
    "types": ["Public"],
    "startDate": "2022-04-18T00:00:00.000Z",
    "endDate": "2022-04-18T23:59:59.999Z"
  },
  {
    "localName": "Staatsfeiertag",
    "name": "Labour Day",
    "code": "AT",
    "fixed": true,
    "global": true,
    "counties": null,
    "launchYear": null,
    "types": ["Public"],
    "startDate": "2022-05-01T00:00:00.000Z",
    "endDate": "2022-05-01T23:59:59.999Z"
  },
  {
    "localName": "Christi Himmelfahrt",
    "name": "Ascension Day",
    "code": "AT",
    "fixed": false,
    "global": true,
    "counties": null,
    "launchYear": null,
    "types": ["Public"],
    "startDate": "2022-05-26T00:00:00.000Z",
    "endDate": "2022-05-26T23:59:59.999Z"
  },
  {
    "localName": "Pfingstmontag",
    "name": "Whit Monday",
    "code": "AT",
    "fixed": false,
    "global": true,
    "counties": null,
    "launchYear": null,
    "types": ["Public"],
    "startDate": "2022-06-06T00:00:00.000Z",
    "endDate": "2022-06-06T23:59:59.999Z"
  },
  {
    "localName": "Fronleichnam",
    "name": "Corpus Christi",
    "code": "AT",
    "fixed": false,
    "global": true,
    "counties": null,
    "launchYear": null,
    "types": ["Public"],
    "startDate": "2022-06-16T00:00:00.000Z",
    "endDate": "2022-06-16T23:59:59.999Z"
  },
  {
    "localName": "Mariä Himmelfahrt",
    "name": "Assumption of Mary",
    "code": "AT",
    "fixed": true,
    "global": true,
    "counties": null,
    "launchYear": null,
    "types": ["Public"],
    "startDate": "2022-08-15T00:00:00.000Z",
    "endDate": "2022-08-15T23:59:59.999Z"
  },
  {
    "localName": "Nationalfeiertag",
    "name": "National Day",
    "code": "AT",
    "fixed": true,
    "global": true,
    "counties": null,
    "launchYear": null,
    "types": ["Public"],
    "startDate": "2022-10-26T00:00:00.000Z",
    "endDate": "2022-10-26T23:59:59.999Z"
  },
  {
    "localName": "Allerheiligen",
    "name": "All Saints' Day",
    "code": "AT",
    "fixed": true,
    "global": true,
    "counties": null,
    "launchYear": null,
    "types": ["Public"],
    "startDate": "2022-11-01T00:00:00.000Z",
    "endDate": "2022-11-01T23:59:59.999Z"
  },
  {
    "localName": "Mariä Empfängnis",
    "name": "Immaculate Conception",
    "code": "AT",
    "fixed": true,
    "global": true,
    "counties": null,
    "launchYear": null,
    "types": ["Public"],
    "startDate": "2022-12-08T00:00:00.000Z",
    "endDate": "2022-12-08T23:59:59.999Z"
  },
  {
    "localName": "Christtag",
    "name": "Christmas Day",
    "code": "AT",
    "fixed": true,
    "global": true,
    "counties": null,
    "launchYear": null,
    "types": ["Public"],
    "startDate": "2022-12-25T00:00:00.000Z",
    "endDate": "2022-12-25T23:59:59.999Z"
  },
  {
    "localName": "Stefanitag",
    "name": "St. Stephen's Day",
    "code": "AT",
    "fixed": true,
    "global": true,
    "counties": null,
    "launchYear": null,
    "types": ["Public"],
    "startDate": "2022-12-26T00:00:00.000Z",
    "endDate": "2022-12-26T23:59:59.999Z"
  }
]
