[
  {
    "localName": "Capodanno",
    "name": "New Year's Day",
    "code": "IT",
    "fixed": true,
    "global": true,
    "counties": null,
    "launchYear": null,
    "types": ["Public"],
    "startDate": "2024-01-01T00:00:00.000Z",
    "endDate": "2024-01-01T23:59:59.999Z"
  },
  {
    "localName": "Epifania",
    "name": "Epiphany",
    "code": "IT",
    "fixed": true,
    "global": true,
    "counties": null,
    "launchYear": null,
    "types": ["Public"],
    "startDate": "2024-01-06T00:00:00.000Z",
    "endDate": "2024-01-06T23:59:59.999Z"
  },
  {
    "localName": "Pasqua",
    "name": "Easter Sunday",
    "code": "IT",
    "fixed": false,
    "global": true,
    "counties": null,
    "launchYear": null,
    "types": ["Public"],
    "startDate": "2024-03-31T00:00:00.000Z",
    "endDate": "2024-03-31T23:59:59.999Z"
  },
  {
    "localName": "Lunedì dell'Angelo",
    "name": "Easter Monday",
    "code": "IT",
    "fixed": false,
    "global": true,
    "counties": null,
    "launchYear": null,
    "types": ["Public"],
    "startDate": "2024-04-01T00:00:00.000Z",
    "endDate": "2024-04-01T23:59:59.999Z"
  },
  {
    "localName": "Festa della Liberazione",
    "name": "Liberation Day",
    "code": "IT",
    "fixed": true,
    "global": true,
    "counties": null,
    "launchYear": 1945,
    "types": ["Public"],
    "startDate": "2024-04-25T00:00:00.000Z",
    "endDate": "2024-04-25T23:59:59.999Z"
  },
  {
    "localName": "Festa del Lavoro",
    "name": "Labour Day",
    "code": "IT",
    "fixed": true,
    "global": true,
    "counties": null,
    "launchYear": null,
    "types": ["Public"],
    "startDate": "2024-05-01T00:00:00.000Z",
    "endDate": "2024-05-01T23:59:59.999Z"
  },
  {
    "localName": "Festa della Repubblica",
    "name": "Republic Day",
    "code": "IT",
    "fixed": true,
    "global": true,
    "counties": null,
    "launchYear": 1946,
    "types": ["Public"],
    "startDate": "2024-06-02T00:00:00.000Z",
    "endDate": "2024-06-02T23:59:59.999Z"
  },
  {
    "localName": "Assunzione di Maria",
    "name": "Assumption of Mary",
    "code": "IT",
    "fixed": true,
    "global": true,
    "counties": null,
    "launchYear": null,
    "types": ["Public"],
    "startDate": "2024-08-15T00:00:00.000Z",
    "endDate": "2024-08-15T23:59:59.999Z"
  },
  {
    "localName": "Ognissanti",
    "name": "All Saints' Day",
    "code": "IT",
    "fixed": true,
    "global": true,
    "counties": null,
    "launchYear": null,
    "types": ["Public"],
    "startDate": "2024-11-01T00:00:00.000Z",
    "endDate": "2024-11-01T23:59:59.999Z"
  },
  {
    "localName": "Immacolata Concezione",
    "name": "Immaculate Conception",
    "code": "IT",
    "fixed": true,
    "global": true,
    "counties": null,
    "launchYear": null,
    "types": ["Public"],
    "startDate": "2024-12-08T00:00:00.000Z",
    "endDate": "2024-12-08T23:59:59.999Z"
  },
  {
    "localName": "Natale",
    "name": "Christmas Day",
    "code": "IT",
    "fixed": true,
    "global": true,
    "counties": null,
    "launchYear": null,
    "types": ["Public"],
    "startDate": "2024-12-25T00:00:00.000Z",
    "endDate": "2024-12-25T23:59:59.999Z"
  },
  {
    "localName": "Santo Stefano",
    "name": "St. Stephen's Day",
    "code": "IT",
    "fixed": true,
    "global": true,
    "counties": null,
    "launchYear": null,
    "types": ["Public"],
    "startDate": "2024-12-26T00:00:00.000Z",
    "endDate": "2024-12-26T23:59:59.999Z"
  }
]
