[
  {
    "localName": "Nowy Rok",
    "name": "New Year's Day",
    "code": "PL",
    "fixed": true,
    "global": true,
    "counties": null,
    "launchYear": null,
    "types": ["Public"],
    "startDate": "2024-01-01T00:00:00.000Z",
    "endDate": "2024-01-01T23:59:59.999Z"
  },
  {
    "localName": "Święto Trzech Króli",
    "name": "Epiphany",
    "code": "PL",
    "fixed": true,
    "global": true,
    "counties": null,
    "launchYear": null,
    "types": ["Public"],
    "startDate": "2024-01-06T00:00:00.000Z",
    "endDate": "2024-01-06T23:59:59.999Z"
  },
  {
    "localName": "Wielkanoc",
    "name": "Easter Sunday",
    "code": "PL",
    "fixed": false,
    "global": true,
    "counties": null,
    "launchYear": null,
    "types": ["Public"],
    "startDate": "2024-03-31T00:00:00.000Z",
    "endDate": "2024-03-31T23:59:59.999Z"
  },
  {
    "localName": "Poniedziałek Wielkanocny",
    "name": "Easter Monday",
    "code": "PL",
    "fixed": false,
    "global": true,
    "counties": null,
    "launchYear": null,
    "types": ["Public"],
    "startDate": "2024-04-01T00:00:00.000Z",
    "endDate": "2024-04-01T23:59:59.999Z"
  },
  {
    "localName": "Święto Pracy",
    "name": "Labour Day",
    "code": "PL",
    "fixed": true,
    "global": true,
    "counties": null,
    "launchYear": null,
    "types": ["Public"],
    "startDate": "2024-05-01T00:00:00.000Z",
    "endDate": "2024-05-01T23:59:59.999Z"
  },
  {
    "localName": "Święto Konstytucji 3 Maja",
    "name": "Constitution Day",
    "code": "PL",
    "fixed": true,
    "global": true,
    "counties": null,
    "launchYear": 1791,
    "types": ["Public"],
    "startDate": "2024-05-03T00:00:00.000Z",
    "endDate": "2024-05-03T23:59:59.999Z"
  },
  {
    "localName": "Zielone Świątki",
    "name": "Whit Sunday",
    "code": "PL",
    "fixed": false,
    "global": true,
    "counties": null,
    "launchYear": null,
    "types": ["Public"],
    "startDate": "2024-05-19T00:00:00.000Z",
    "endDate": "2024-05-19T23:59:59.999Z"
  },
  {
    "localName": "Boże Ciało",
    "name": "Corpus Christi",
    "code": "PL",
    "fixed": false,
    "global": true,
    "counties": null,
    "launchYear": null,
    "types": ["Public"],
    "startDate": "2024-05-30T00:00:00.000Z",
    "endDate": "2024-05-30T23:59:59.999Z"
  },
  {
    "localName": "Wniebowzięcie Najświętszej Maryi Panny",
    "name": "Assumption of Mary",
    "code": "PL",
    "fixed": true,
    "global": true,
    "counties": null,
    "launchYear": null,
    "types": ["Public"],
    "startDate": "2024-08-15T00:00:00.000Z",
    "endDate": "2024-08-15T23:59:59.999Z"
  },
  {
    "localName": "Wszystkich Świętych",
    "name": "All Saints' Day",
    "code": "PL",
    "fixed": true,
    "global": true,
    "counties": null,
    "launchYear": null,
    "types": ["Public"],
    "startDate": "2024-11-01T00:00:00.000Z",
    "endDate": "2024-11-01T23:59:59.999Z"
  },
  {
    "localName": "Narodowe Święto Niepodległości",
    "name": "Independence Day",
    "code": "PL",
    "fixed": true,
    "global": true,
    "counties": null,
    "launchYear": 1918,
    "types": ["Public"],
    "startDate": "2024-11-11T00:00:00.000Z",
    "endDate": "2024-11-11T23:59:59.999Z"
  },
  {
    "localName": "Boże Narodzenie",
    "name": "Christmas Day",
    "code": "PL",
    "fixed": true,
    "global": true,
    "counties": null,
    "launchYear": null,
    "types": ["Public"],
    "startDate": "2024-12-25T00:00:00.000Z",
    "endDate": "2024-12-25T23:59:59.999Z"
  },
  {
    "localName": "Drugi Dzień Bożego Narodzenia",
    "name": "Boxing Day",
    "code": "PL",
    "fixed": true,
    "global": true,
    "counties": null,
    "launchYear": null,
    "types": ["Public"],
    "startDate": "2024-12-26T00:00:00.000Z",
    "endDate": "2024-12-26T23:59:59.999Z"
  }
]
