[
  {
    "localName": "Año Nuevo",
    "name": "New Year's Day",
    "code": "CO",
    "fixed": true,
    "global": true,
    "counties": null,
    "launchYear": null,
    "types": ["Public"],
    "startDate": "2024-01-01T00:00:00.000Z",
    "endDate": "2024-01-01T23:59:59.999Z"
  },
  {
    "localName": "Día de los Reyes Magos",
    "name": "Epiphany",
    "code": "CO",
    "fixed": false,
    "global": true,
    "counties": null,
    "launchYear": null,
    "types": ["Public"],
    "startDate": "2024-01-08T00:00:00.000Z",
    "endDate": "2024-01-08T23:59:59.999Z"
  },
  {
    "localName": "Día de San José",
    "name": "St. Joseph's Day",
    "code": "CO",
    "fixed": false,
    "global": true,
    "counties": null,
    "launchYear": null,
    "types": ["Public"],
    "startDate": "2024-03-25T00:00:00.000Z",
    "endDate": "2024-03-25T23:59:59.999Z"
  },
  {
    "localName": "Jueves Santo",
    "name": "Maundy Thursday",
    "code": "CO",
    "fixed": false,
    "global": true,
    "counties": null,
    "launchYear": null,
    "types": ["Public"],
    "startDate": "2024-03-28T00:00:00.000Z",
    "endDate": "2024-03-28T23:59:59.999Z"
  },
  {
    "localName": "Viernes Santo",
    "name": "Good Friday",
    "code": "CO",
    "fixed": false,
    "global": true,
    "counties": null,
    "launchYear": null,
    "types": ["Public"],
    "startDate": "2024-03-29T00:00:00.000Z",
    "endDate": "2024-03-29T23:59:59.999Z"
  },
  {
    "localName": "Día del Trabajo",
    "name": "Labour Day",
    "code": "CO",
    "fixed": true,
    "global": true,
    "counties": null,
    "launchYear": null,
    "types": ["Public"],
    "startDate": "2024-05-01T00:00:00.000Z",
    "endDate": "2024-05-01T23:59:59.999Z"
  },
  {
    "localName": "Ascensión del Señor",
    "name": "Ascension Day",
    "code": "CO",
    "fixed": false,
    "global": true,
    "counties": null,
    "launchYear": null,
    "types": ["Public"],
    "startDate": "2024-05-13T00:00:00.000Z",
    "endDate": "2024-05-13T23:59:59.999Z"
  },
  {
    "localName": "Corpus Christi",
    "name": "Corpus Christi",
    "code": "CO",
    "fixed": false,
    "global": true,
    "counties": null,
    "launchYear": null,
    "types": ["Public"],
    "startDate": "2024-06-03T00:00:00.000Z",
    "endDate": "2024-06-03T23:59:59.999Z"
  },
  {
    "localName": "Sagrado Corazón de Jesús",
    "name": "Sacred Heart",
    "code": "CO",
    "fixed": false,
    "global": true,
    "counties": null,
    "launchYear": null,
    "types": ["Public"],
    "startDate": "2024-06-10T00:00:00.000Z",
    "endDate": "2024-06-10T23:59:59.999Z"
  },
  {
    "localName": "San Pedro y San Pablo",
    "name": "Saint Peter and Saint Paul",
    "code": "CO",
    "fixed": false,
    "global": true,
    "counties": null,
    "launchYear": null,
    "types": ["Public"],
    "startDate": "2024-07-01T00:00:00.000Z",
    "endDate": "2024-07-01T23:59:59.999Z"
  },
  {
    "localName": "Día de la Independencia",
    "name": "Independence Day",
    "code": "CO",
    "fixed": true,
    "global": true,
    "counties": null,
    "launchYear": 1810,
    "types": ["Public"],
    "startDate": "2024-07-20T00:00:00.000Z",
    "endDate": "2024-07-20T23:59:59.999Z"
  },
  {
    "localName": "Batalla de Boyacá",
    "name": "Battle of Boyacá",
    "code": "CO",
    "fixed": true,
    "global": true,
    "counties": null,
    "launchYear": 1819,
    "types": ["Public"],
    "startDate": "2024-08-07T00:00:00.000Z",
    "endDate": "2024-08-07T23:59:59.999Z"
  },
  {
    "localName": "Asunción de la Virgen",
    "name": "Assumption of Mary",
    "code": "CO",
    "fixed": false,
    "global": true,
    "counties": null,
    "launchYear": null,
    "types": ["Public"],
    "startDate": "2024-08-19T00:00:00.000Z",
    "endDate": "2024-08-19T23:59:59.999Z"
  },
  {
    "localName": "Día de la Raza",
    "name": "Columbus Day",
    "code": "CO",
    "fixed": false,
    "global": true,
    "counties": null,
    "launchYear": null,
    "types": ["Public"],
    "startDate": "2024-10-14T00:00:00.000Z",
    "endDate": "2024-10-14T23:59:59.999Z"
  },
  {
    "localName": "Día de Todos los Santos",
    "name": "All Saints' Day",
    "code": "CO",
    "fixed": false,
    "global": true,
    "counties": null,
    "launchYear": null,
    "types": ["Public"],
    "startDate": "2024-11-04T00:00:00.000Z",
    "endDate": "2024-11-04T23:59:59.999Z"
  },
  {
    "localName": "Independencia de Cartagena",
    "name": "Independence of Cartagena",
    "code": "CO",
    "fixed": false,
    "global": true,
    "counties": null,
    "launchYear": 1811,
    "types": ["Public"],
    "startDate": "2024-11-11T00:00:00.000Z",
    "endDate": "2024-11-11T23:59:59.999Z"
  },
  {
    "localName": "Inmaculada Concepción",
    "name": "Immaculate Conception",
    "code": "CO",
    "fixed": true,
    "global": true,
    "counties": null,
    "launchYear": null,
    "types": ["Public"],
    "startDate": "2024-12-08T00:00:00.000Z",
    "endDate": "2024-12-08T23:59:59.999Z"
  },
  {
    "localName": "Navidad",
    "name": "Christmas Day",
    "code": "CO",
    "fixed": true,
    "global": true,
    "counties": null,
    "launchYear": null,
    "types": ["Public"],
    "startDate": "2024-12-25T00:00:00.000Z",
    "endDate": "2024-12-25T23:59:59.999Z"
  }
]
